1,google.com
2,facebook.com
3,youtube.com
4,microsoft.com
5,twitter.com
6,tmall.com
7,instagram.com
8,windowsupdate.com
9,netflix.com
10,linkedin.com
11,qq.com
12,baidu.com
13,wikipedia.org
14,apple.com
15,live.com
16,sohu.com
17,yahoo.com
18,amazon.com
19,doubleclick.net
20,googletagmanager.com
21,taobao.com
22,adobe.com
23,youtu.be
24,pinterest.com
25,360.cn
26,vimeo.com
27,reddit.com
28,jd.com
29,wordpress.com
30,blogspot.com
31,weibo.com
32,bing.com
33,office.com
34,sina.com.cn
35,goo.gl
36,github.com
37,googleusercontent.com
38,zoom.us
39,bit.ly
40,amazonaws.com
41,wordpress.org
42,vk.com
43,fbcdn.net
44,tumblr.com
45,xinhuanet.com
46,godaddy.com
47,microsoftonline.com
48,mozilla.org
49,msn.com
50,google-analytics.com
51,skype.com
52,nytimes.com
53,flickr.com
54,whatsapp.com
55,ytimg.com
56,dropbox.com
57,okezone.com
58,gravatar.com
59,soundcloud.com
60,europa.eu
61,myshopify.com
62,cnn.com
63,nih.gov
64,apache.org
65,alipay.com
66,t.co
67,twitch.tv
68,csdn.net
69,yahoo.co.jp
70,macromedia.com
71,w3.org
72,office365.com
73,theguardian.com
74,googlevideo.com
75,medium.com
76,forbes.com
77,sourceforge.net
78,bbc.co.uk
79,spotify.com
80,google.com.hk
81,paypal.com
82,imdb.com
83,bongacams.com
84,zhanqi.tv
85,panda.tv
86,googleadservices.com
87,ebay.com
88,aliexpress.com
89,stackoverflow.com
90,naver.com
91,bbc.com
92,archive.org
93,googlesyndication.com
94,cloudflare.com
95,github.io
96,weebly.com
97,yandex.ru
98,amazon.in
99,creativecommons.org
100,who.int
101,wixsite.com
102,issuu.com
103,china.com.cn
104,digicert.com
105,google.co.in
106,washingtonpost.com
107,windows.net
108,amazon.co.jp
109,imgur.com
110,ggpht.com
111,tianya.cn
112,oracle.com
113,php.net
114,reuters.com
115,wix.com
116,etsy.com
117,gvt2.com
118,virginmedia.com
119,tribunnews.com
120,slideshare.net
121,chaturbate.com
122,cdc.gov
123,amazon.co.uk
124,wsj.com
125,tinyurl.com
126,app-measurement.com
127,wikimedia.org
128,pornhub.com
129,livejasmin.com
130,mail.ru
131,icloud.com
132,akadns.net
133,akamaiedge.net
134,huanqiu.com
135,bloomberg.com
136,google.de
137,wp.com
138,businessinsider.com
139,cnet.com
140,yy.com
141,opera.com
142,1688.com
143,gnu.org
144,google.cn
145,harvard.edu
146,youtube-nocookie.com
147,booking.com
148,aparat.com
149,sciencedirect.com
150,google.co.jp
151,mit.edu
152,163.com
153,sogou.com
154,alibaba.com
155,outlook.com
156,dailymail.co.uk
157,ibm.com
158,gvt1.com
159,google.com.br
160,samsung.com
161,so.com
162,17ok.com
163,stanford.edu
164,go.com
165,ok.ru
166,facebook.net
167,amazon.de
168,blogger.com
169,google.co.uk
170,aol.com
171,telegraph.co.uk
172,list-manage.com
173,hp.com
174,bitly.com
175,researchgate.net
176,babytree.com
177,forms.gle
178,wiley.com
179,usatoday.com
180,msedge.net
181,rakuten.co.jp
182,cnbc.com
183,fandom.com
184,surveymonkey.com
185,fb.com
186,nginx.org
187,jrj.com.cn
188,mama.cn
189,huffingtonpost.com
190,cpanel.net
191,freepik.com
192,windows.com
193,walmart.com
194,eventbrite.com
195,haosou.com
196,nasa.gov
197,indiatimes.com
198,dailymotion.com
199,ntp.org
200,myspace.com
201,addthis.com
202,behance.net
203,nature.com
204,time.com
205,cloudfront.net
206,apple-dns.net
207,youku.com
208,canva.com
209,yelp.com
210,npr.org
211,roblox.com
212,un.org
213,google.es
214,xvideos.com
215,espn.com
216,t.me
217,indeed.com
218,google.fr
219,foxnews.com
220,ca.gov
221,akamaized.net
222,springer.com
223,www.gov.uk
224,chase.com
225,cpanel.com
226,mysql.com
227,office.net
228,ted.com
229,flipkart.com
230,wendyssubway.com
231,wired.com
232,udemy.com
233,kompas.com
234,akamai.net
235,scorecardresearch.com
236,aaplimg.com
237,hicloud.com
238,sindonews.com
239,grid.id
240,nginx.com
241,hugedomains.com
242,salesforce.com
243,pixnet.net
244,nflxso.net
245,google.it
246,trello.com
247,adnxs.com
248,zillow.com
249,aliyun.com
250,opendns.com
251,bilibili.com
252,scribd.com
253,ettoday.net
254,google.ru
255,debian.org
256,googletagservices.com
257,independent.co.uk
258,doi.org
259,goodreads.com
260,hao123.com
261,intel.com
262,tripadvisor.com
263,sharepoint.com
264,free.fr
265,android.com
266,gmail.com
267,wikihow.com
268,themeforest.net
269,soso.com
270,techcrunch.com
271,beian.gov.cn
272,detik.com
273,mailchimp.com
274,amazon-adsystem.com
275,squarespace.com
276,zendesk.com
277,crashlytics.com
278,berkeley.edu
279,force.com
280,stackexchange.com
281,addtoany.com
282,cnblogs.com
283,livejournal.com
284,wetransfer.com
285,latimes.com
286,xhamster.com
287,google.ca
288,msftncsi.com
289,craigslist.org
290,adsrvr.org
291,statcounter.com
292,line.me
293,ikea.com
294,unsplash.com
295,google.com.sg
296,mediafire.com
297,taboola.com
298,speedtest.net
299,weather.com
300,gome.com.cn